-- phpMyAdmin SQL Dump
-- version 5.1.1
-- https://www.phpmyadmin.net/
--
-- Host: 127.0.0.1
-- Generation Time: Dec 13, 2023 at 03:26 PM
-- Server version: 10.4.20-MariaDB
-- PHP Version: 7.3.29

SET SQL_MODE = "NO_AUTO_VALUE_ON_ZERO";
START TRANSACTION;
SET time_zone = "+00:00";


/*!40101 SET @OLD_CHARACTER_SET_CLIENT=@@CHARACTER_SET_CLIENT */;
/*!40101 SET @OLD_CHARACTER_SET_RESULTS=@@CHARACTER_SET_RESULTS */;
/*!40101 SET @OLD_COLLATION_CONNECTION=@@COLLATION_CONNECTION */;
/*!40101 SET NAMES utf8mb4 */;

--
-- Database: `pustaka`
--

-- --------------------------------------------------------

--
-- Table structure for table `buku`
--

CREATE TABLE `buku` (
  `id` int(11) NOT NULL,
  `judul_buku` varchar(128) CHARACTER SET latin1 NOT NULL,
  `id_kategori` int(11) NOT NULL,
  `pengarang` varchar(64) CHARACTER SET latin1 NOT NULL,
  `penerbit` varchar(64) CHARACTER SET latin1 NOT NULL,
  `tahun_terbit` year(4) NOT NULL,
  `isbn` varchar(64) CHARACTER SET latin1 NOT NULL,
  `stok` int(11) NOT NULL,
  `dipinjam` int(11) NOT NULL,
  `dibooking` int(11) NOT NULL,
  `image` varchar(256) CHARACTER SET latin1 NOT NULL
) ENGINE=InnoDB DEFAULT CHARSET=utf8mb4;

--
-- Dumping data for table `buku`
--

INSERT INTO `buku` (`id`, `judul_buku`, `id_kategori`, `pengarang`, `penerbit`, `tahun_terbit`, `isbn`, `stok`, `dipinjam`, `dibooking`, `image`) VALUES
(1, 'Statistika dengan Program Komputer', 1, 'Ahmad Kholiqul Amin', 'Deep Publish', 2014, '9786022809432', 6, 1, 1, 'img1557402455.jpg'),
(2, 'Mudah Belajar Komputer untuk Anak', 1, 'Bambang Agus Setiawan', 'Huta Media', 2014, '9786025118500', 5, 3, 1, 'img1557402397.jpg'),
(5, 'HP Komplet', 1, 'Jubilee', 'Elex Media Komputindo', 2017, '8346753647', 5, 3, 1, 'img1555522493.jpg'),
(10, 'Detektif Conan Ep 200', 9, 'Okigawa Sasuke', 'Cultura', 2016, '874387583987', 5, 1, 1, 'img1557401465.jpg'),
(14, 'Bahasa Indonesia', 2, 'Umri Nur\'aini dan Indriyani ', 'Pusat Perbukuan', 2015, '757254724884', 3, 0, 0, 'img1557402703.jpg'),
(16, 'Kolaborasi Codeigniter dan Ajax dalam Perancangan', 1, 'Anton Subagia', 'Elex Media Komputindo', 2017, '43345356577', 5, 0, 0, 'img1557403502.jpg'),
(17, 'From Hobby to Money', 4, 'Deasylawati', 'Elex Media Komputindo', 2015, '87968686787879', 5, 0, 0, 'img1557403658.jpg'),
(18, 'Buku Saku Pramuka', 8, 'Rudy Himawan', 'Pusat Perbukuan', 2016, '97868687978796', 6, 0, 0, 'img1557404613.jpg'),
(19, 'Rahasia Keajaiban Bumi', 3, 'Nurul Ihsan', 'Luxima', 2014, '565756565768868', 5, 0, 0, 'img1557404689.jpg'),
(20, 'Shea', 11, 'Asri Aci', 'Bentang Pustaka', 2019, '9786024304560', 13, 0, 0, 'Shea.jpg'),
(21, 'Life Lessons', 11, 'Dr. Elisabeth Kubler-Ross & David Kessler', 'Spring', 2022, '9786026682826', 13, 0, 0, 'img1701674342.jpg');

-- --------------------------------------------------------

--
-- Table structure for table `kategori`
--

CREATE TABLE `kategori` (
  `id_kategori` int(11) NOT NULL,
  `nama_kategori` varchar(128) CHARACTER SET latin1 NOT NULL
) ENGINE=InnoDB DEFAULT CHARSET=utf8mb4;

--
-- Dumping data for table `kategori`
--

INSERT INTO `kategori` (`id_kategori`, `nama_kategori`) VALUES
(1, 'Komputer'),
(2, 'Bahasa'),
(3, 'Sains'),
(4, 'Hobby'),
(5, 'Komunikasi'),
(6, 'Hukum'),
(7, 'Populer'),
(8, 'Komik'),
(10, 'Agama'),
(11, 'Self Improvement');

-- --------------------------------------------------------

--
-- Table structure for table `role`
--

CREATE TABLE `role` (
  `id` int(11) NOT NULL,
  `role` varchar(128) CHARACTER SET latin1 NOT NULL
) ENGINE=InnoDB DEFAULT CHARSET=utf8mb4;

--
-- Dumping data for table `role`
--

INSERT INTO `role` (`id`, `role`) VALUES
(1, 'addministrator'),
(2, 'member');

-- --------------------------------------------------------

--
-- Table structure for table `user`
--

CREATE TABLE `user` (
  `id` int(11) NOT NULL,
  `nama` varchar(128) CHARACTER SET latin1 NOT NULL,
  `email` varchar(128) CHARACTER SET latin1 NOT NULL,
  `image` varchar(128) CHARACTER SET latin1 NOT NULL,
  `password` varchar(258) CHARACTER SET latin1 NOT NULL,
  `role_id` int(11) NOT NULL,
  `is_active` int(1) NOT NULL,
  `tanggal_input` int(11) NOT NULL
) ENGINE=InnoDB DEFAULT CHARSET=utf8mb4;

--
-- Dumping data for table `user`
--

INSERT INTO `user` (`id`, `nama`, `email`, `image`, `password`, `role_id`, `is_active`, `tanggal_input`) VALUES
(2, 'risky', 'risky@gmail.com', 'default.jpg', '$2y$10$A0S3X3HgIBtsxqmdZFc3YeyFX33CdHtxmdtueowqXv3oKhhpgV/HO', 1, 1, 1700464581),
(3, 'Anisa', 'anisadwiagustia@gmail.com', 'pro1701069818.jpg', '$2y$10$keEU8uTRBJxA3v56sx9zouxnvP.OJGJHQwEN.QCREXt8JHKuPqC9m', 1, 1, 1701063953);

--
-- Indexes for dumped tables
--

--
-- Indexes for table `buku`
--
ALTER TABLE `buku`
  ADD PRIMARY KEY (`id`);

--
-- Indexes for table `kategori`
--
ALTER TABLE `kategori`
  ADD PRIMARY KEY (`id_kategori`);

--
-- Indexes for table `role`
--
ALTER TABLE `role`
  ADD PRIMARY KEY (`id`);

--
-- Indexes for table `user`
--
ALTER TABLE `user`
  ADD PRIMARY KEY (`id`);

--
-- AUTO_INCREMENT for dumped tables
--

--
-- AUTO_INCREMENT for table `buku`
--
ALTER TABLE `buku`
  MODIFY `id` int(11) NOT NULL AUTO_INCREMENT, AUTO_INCREMENT=22;

--
-- AUTO_INCREMENT for table `kategori`
--
ALTER TABLE `kategori`
  MODIFY `id_kategori` int(11) NOT NULL AUTO_INCREMENT, AUTO_INCREMENT=12;

--
-- AUTO_INCREMENT for table `role`
--
ALTER TABLE `role`
  MODIFY `id` int(11) NOT NULL AUTO_INCREMENT, AUTO_INCREMENT=3;

--
-- AUTO_INCREMENT for table `user`
--
ALTER TABLE `user`
  MODIFY `id` int(11) NOT NULL AUTO_INCREMENT, AUTO_INCREMENT=4;
COMMIT;

/*!40101 SET CHARACTER_SET_CLIENT=@OLD_CHARACTER_SET_CLIENT */;
/*!40101 SET CHARACTER_SET_RESULTS=@OLD_CHARACTER_SET_RESULTS */;
/*!40101 SET COLLATION_CONNECTION=@OLD_COLLATION_CONNECTION */;
